{
  "model_type": "ridge",
  "task_type": "regression",
  "target_column": "target",
  "feature_columns": [
    "feature_1",
    "feature_2",
    "feature_3",
    "feature_4",
    "feature_5"
  ],
  "metrics": {
    "mse": 21.979874393190407,
    "rmse": 4.688269872051992,
    "mae": 3.8737994119130947,
    "r2": -0.04939140729585034,
    "explained_variance": -0.044679192765383346
  },
  "preprocessing": {
    "missing_value_strategy": "mean",
    "scaling_method": "standard"
  },
  "hyperparameters": {
    "preprocessing_config": {
      "scaling": "minmax"
    }
  },
  "test_size": 0.2,
  "n_features": 5,
  "feature_names": [
    "feature_1",
    "feature_2",
    "feature_3",
    "feature_4",
    "feature_5"
  ],
  "alpha": 1.0,
  "coefficients": {
    "feature_1": -0.22275568019390782,
    "feature_2": -0.10691685024245548,
    "feature_3": 0.18545679334059928,
    "feature_4": 0.2520710756522692,
    "feature_5": 0.7070138623209523
  },
  "intercept": 10.534517036729715,
  "feature_importance": {
    "feature_1": -0.22275568019390782,
    "feature_2": -0.10691685024245548,
    "feature_3": 0.18545679334059928,
    "feature_4": 0.2520710756522692,
    "feature_5": 0.7070138623209523
  },
  "model_format": "sklearn",
  "model_id": "model_50003_ridge_20251108_170310",
  "user_id": 50003,
  "created_at": "2025-11-08T17:03:10.559029Z"
}