{
  "model_type": "xgboost_binary_classification",
  "task_type": "classification",
  "target_column": "Attribute1",
  "feature_columns": [
    "Attribute2",
    "Attribute3",
    "Attribute4",
    "Attribute5",
    "Attribute6",
    "Attribute7",
    "Attribute8",
    "Attribute9",
    "Attribute10",
    "Attribute11",
    "Attribute12",
    "Attribute13",
    "Attribute14",
    "Attribute15",
    "Attribute16",
    "Attribute17",
    "Attribute18",
    "Attribute19",
    "Attribute20"
  ],
  "metrics": {
    "accuracy": 0.43125,
    "precision": 0.39794417997543,
    "recall": 0.43125,
    "f1": 0.4034085184706794,
    "confusion_matrix": [
      [
        18,
        6,
        2,
        16
      ],
      [
        11,
        12,
        0,
        24
      ],
      [
        2,
        1,
        0,
        9
      ],
      [
        6,
        14,
        0,
        39
      ]
    ]
  },
  "preprocessing": {
    "missing_value_strategy": "mean",
    "scaling_method": "standard"
  },
  "hyperparameters": {
    "n_estimators": 100,
    "max_depth": 6,
    "learning_rate": 0.1,
    "subsample": 0.8,
    "colsample_bytree": 0.8,
    "min_child_weight": 1,
    "gamma": 0,
    "reg_alpha": 0,
    "reg_lambda": 1,
    "random_state": 42,
    "n_jobs": -1
  },
  "test_size": 0.2,
  "n_features": 19,
  "feature_names": [
    "Attribute2",
    "Attribute3",
    "Attribute4",
    "Attribute5",
    "Attribute6",
    "Attribute7",
    "Attribute8",
    "Attribute9",
    "Attribute10",
    "Attribute11",
    "Attribute12",
    "Attribute13",
    "Attribute14",
    "Attribute15",
    "Attribute16",
    "Attribute17",
    "Attribute18",
    "Attribute19",
    "Attribute20"
  ],
  "framework": "xgboost",
  "n_estimators": 100,
  "max_depth": 6,
  "learning_rate": 0.1,
  "feature_importance": {
    "Attribute10": 0.07399698346853256,
    "Attribute6": 0.06241729483008385,
    "Attribute3": 0.061440858989953995,
    "Attribute19": 0.05968492478132248,
    "Attribute4": 0.05615195631980896,
    "Attribute5": 0.05333106964826584,
    "Attribute18": 0.05225902423262596,
    "Attribute17": 0.0518464632332325,
    "Attribute2": 0.05171925947070122,
    "Attribute14": 0.05108466371893883,
    "Attribute15": 0.051073260605335236,
    "Attribute7": 0.049981582909822464,
    "Attribute11": 0.049536023288965225,
    "Attribute9": 0.04882553219795227,
    "Attribute13": 0.048563145101070404,
    "Attribute16": 0.048377156257629395,
    "Attribute8": 0.04541904479265213,
    "Attribute12": 0.04486413300037384,
    "Attribute20": 0.03942760452628136
  },
  "best_iteration": 99,
  "model_format": "sklearn",
  "model_id": "model_7715560927_xgboost_binary_classification_20251128_181953",
  "user_id": 7715560927,
  "created_at": "2025-11-28T18:19:53.480646Z",
  "custom_name": "xgboost-credit-dataset",
  "display_name": "xgboost-credit-dataset"
}