{
  "model_type": "elasticnet",
  "task_type": "regression",
  "target_column": "target",
  "feature_columns": [
    "feature_1",
    "feature_2",
    "feature_3",
    "feature_4",
    "feature_5"
  ],
  "metrics": {
    "mse": 19.589131132338863,
    "rmse": 4.425961040535588,
    "mae": 3.7872387526239764,
    "r2": -0.060727642209872146,
    "explained_variance": -0.011133214245917733
  },
  "preprocessing": {
    "missing_value_strategy": "mean",
    "scaling_method": "standard"
  },
  "hyperparameters": {},
  "test_size": 0.2,
  "n_features": 5,
  "feature_names": [
    "feature_1",
    "feature_2",
    "feature_3",
    "feature_4",
    "feature_5"
  ],
  "alpha": 1.0,
  "l1_ratio": 0.5,
  "coefficients": {
    "feature_1": -0.0,
    "feature_2": -0.0,
    "feature_3": 0.07783506743585455,
    "feature_4": -0.0,
    "feature_5": 0.15898016778195842
  },
  "intercept": 10.63064329146756,
  "feature_importance": {
    "feature_1": -0.0,
    "feature_2": -0.0,
    "feature_3": 0.07783506743585455,
    "feature_4": -0.0,
    "feature_5": 0.15898016778195842
  },
  "model_format": "sklearn",
  "model_id": "model_10001_elasticnet_20251108_170309",
  "user_id": 10001,
  "created_at": "2025-11-08T17:03:09.763009Z"
}