{
  "model_type": "random_forest",
  "task_type": "classification",
  "target_column": "target",
  "feature_columns": [
    "feature_1",
    "feature_2",
    "feature_3",
    "feature_4",
    "feature_5",
    "feature_6",
    "feature_7",
    "feature_8"
  ],
  "metrics": {
    "accuracy": 0.875,
    "precision": 1.0,
    "recall": 0.7297297297297297,
    "f1": 0.8437499999999999,
    "roc_auc": 0.9481458202388435,
    "confusion_matrix": [
      [
        43,
        0
      ],
      [
        10,
        27
      ]
    ]
  },
  "preprocessing": {
    "missing_value_strategy": "mean",
    "scaling_method": "standard"
  },
  "hyperparameters": {},
  "test_size": 0.2,
  "n_features": 8,
  "feature_names": [
    "feature_1",
    "feature_2",
    "feature_3",
    "feature_4",
    "feature_5",
    "feature_6",
    "feature_7",
    "feature_8"
  ],
  "n_estimators": 100,
  "n_classes": 2,
  "classes": [
    0,
    1
  ],
  "feature_importance": {
    "feature_1": 0.07635847006650935,
    "feature_2": 0.16507237555130413,
    "feature_3": 0.13549505225445535,
    "feature_4": 0.15216267432002284,
    "feature_5": 0.1390203560224225,
    "feature_6": 0.1164764680082863,
    "feature_7": 0.14343644344839973,
    "feature_8": 0.07197816032859986
  },
  "model_format": "sklearn",
  "model_id": "model_20002_random_forest_20251108_170310",
  "user_id": 20002,
  "created_at": "2025-11-08T17:03:10.044471Z"
}