{
  "model_type": "decision_tree",
  "task_type": "classification",
  "target_column": "target",
  "feature_columns": [
    "feature_1",
    "feature_2",
    "feature_3",
    "feature_4",
    "feature_5",
    "feature_6",
    "feature_7",
    "feature_8"
  ],
  "metrics": {
    "accuracy": 0.825,
    "precision": 0.8285714285714286,
    "recall": 0.7837837837837838,
    "f1": 0.8055555555555555,
    "roc_auc": 0.8221244500314266,
    "confusion_matrix": [
      [
        37,
        6
      ],
      [
        8,
        29
      ]
    ]
  },
  "preprocessing": {
    "missing_value_strategy": "mean",
    "scaling_method": "standard"
  },
  "hyperparameters": {},
  "test_size": 0.2,
  "n_features": 8,
  "feature_names": [
    "feature_1",
    "feature_2",
    "feature_3",
    "feature_4",
    "feature_5",
    "feature_6",
    "feature_7",
    "feature_8"
  ],
  "n_classes": 2,
  "classes": [
    0,
    1
  ],
  "feature_importance": {
    "feature_1": 0.07988972286867102,
    "feature_2": 0.15433986324720916,
    "feature_3": 0.21145764344618692,
    "feature_4": 0.16563402210700107,
    "feature_5": 0.12299511668903457,
    "feature_6": 0.07759162202967787,
    "feature_7": 0.157175453455565,
    "feature_8": 0.03091655615665441
  },
  "model_format": "sklearn",
  "model_id": "model_20001_decision_tree_20251108_170309",
  "user_id": 20001,
  "created_at": "2025-11-08T17:03:09.860882Z"
}