{
  "model_type": "ridge",
  "task_type": "regression",
  "target_column": "salary",
  "feature_columns": [
    "age",
    "experience"
  ],
  "metrics": {
    "mse": 3650291.1789669367,
    "rmse": 1910.5735209530505,
    "mae": 1773.262634050785,
    "r2": 0.9634970882103306,
    "explained_variance": 0.9949416919035379
  },
  "preprocessing": {
    "missing_value_strategy": "mean",
    "scaling_method": "standard"
  },
  "hyperparameters": {},
  "test_size": 0.2,
  "n_features": 2,
  "feature_names": [
    "age",
    "experience"
  ],
  "alpha": 1.0,
  "coefficients": {
    "age": 9641.309585367428,
    "experience": 11255.715259283634
  },
  "intercept": 72750.0,
  "feature_importance": {
    "age": 9641.309585367428,
    "experience": 11255.715259283634
  },
  "model_id": "model_12345_ridge_20251004_005211",
  "user_id": 12345,
  "created_at": "2025-10-04T00:52:11.299446Z"
}