{
  "model_type": "linear",
  "task_type": "regression",
  "target_column": "salary",
  "feature_columns": [
    "age",
    "experience"
  ],
  "metrics": {
    "mse": 1895473.072724337,
    "rmse": 1376.761806822203,
    "mae": 1370.3850591289302,
    "r2": 0.9810452692727566,
    "explained_variance": 0.981220447897162
  },
  "preprocessing": {
    "missing_value_strategy": null,
    "scaling_method": "none"
  },
  "hyperparameters": {},
  "test_size": 0.2,
  "n_features": 2,
  "feature_names": [
    "age",
    "experience"
  ],
  "coefficients": {
    "age": -28.915488895298115,
    "experience": 3281.727718488606
  },
  "intercept": 42956.085953273716,
  "feature_importance": {
    "age": -28.915488895298115,
    "experience": 3281.727718488606
  },
  "model_id": "model_12345_linear_20251004_005244",
  "user_id": 12345,
  "created_at": "2025-10-04T00:52:44.923800Z"
}