{
  "model_type": "random_forest",
  "task_type": "classification",
  "target_column": "target",
  "feature_columns": [
    "feature_1",
    "feature_2",
    "feature_3",
    "feature_4",
    "feature_5",
    "feature_6",
    "feature_7",
    "feature_8"
  ],
  "metrics": {
    "accuracy": 0.89,
    "precision": 0.9148936170212766,
    "recall": 0.86,
    "f1": 0.8865979381443299,
    "roc_auc": 0.945,
    "confusion_matrix": [
      [
        46,
        4
      ],
      [
        7,
        43
      ]
    ]
  },
  "preprocessing": {
    "missing_value_strategy": "mean",
    "scaling_method": "standard"
  },
  "hyperparameters": {},
  "test_size": 0.2,
  "n_features": 8,
  "feature_names": [
    "feature_1",
    "feature_2",
    "feature_3",
    "feature_4",
    "feature_5",
    "feature_6",
    "feature_7",
    "feature_8"
  ],
  "n_estimators": 100,
  "n_classes": 2,
  "classes": [
    0,
    1
  ],
  "feature_importance": {
    "feature_1": 0.06395448726243287,
    "feature_2": 0.16942044461439834,
    "feature_3": 0.13826807766919527,
    "feature_4": 0.14324590515379243,
    "feature_5": 0.13601792758155892,
    "feature_6": 0.11639603510133949,
    "feature_7": 0.15935720626327338,
    "feature_8": 0.0733399163540094
  },
  "model_format": "sklearn",
  "model_id": "model_60002_random_forest_20251108_170310",
  "user_id": 60002,
  "created_at": "2025-11-08T17:03:10.677283Z"
}