{
  "model_type": "ridge",
  "task_type": "regression",
  "target_column": "target",
  "feature_columns": [
    "feature_1",
    "feature_2",
    "feature_3",
    "feature_4",
    "feature_5"
  ],
  "metrics": {
    "mse": 21.984075197873175,
    "rmse": 4.6887178628995345,
    "mae": 3.8739436112854464,
    "r2": -0.0495919675110259,
    "explained_variance": -0.04486865474151669
  },
  "preprocessing": {
    "missing_value_strategy": "mean",
    "scaling_method": "standard"
  },
  "hyperparameters": {
    "alpha": 0.5,
    "max_iter": 2000
  },
  "test_size": 0.2,
  "n_features": 5,
  "feature_names": [
    "feature_1",
    "feature_2",
    "feature_3",
    "feature_4",
    "feature_5"
  ],
  "alpha": 0.5,
  "coefficients": {
    "feature_1": -0.22343152998322607,
    "feature_2": -0.10697058781141115,
    "feature_3": 0.18614126735027925,
    "feature_4": 0.25274708933932394,
    "feature_5": 0.7091372544144311
  },
  "intercept": 10.534517036729715,
  "feature_importance": {
    "feature_1": -0.22343152998322607,
    "feature_2": -0.10697058781141115,
    "feature_3": 0.18614126735027925,
    "feature_4": 0.25274708933932394,
    "feature_5": 0.7091372544144311
  },
  "model_format": "sklearn",
  "model_id": "model_60001_ridge_20251108_170310",
  "user_id": 60001,
  "created_at": "2025-11-08T17:03:10.586967Z"
}