{
  "model_type": "logistic",
  "task_type": "classification",
  "target_column": "target",
  "feature_columns": [
    "feature_1",
    "feature_2",
    "feature_3",
    "feature_4",
    "feature_5",
    "feature_6",
    "feature_7",
    "feature_8"
  ],
  "metrics": {
    "accuracy": 0.7,
    "precision": 0.6851851851851852,
    "recall": 0.74,
    "f1": 0.7115384615384615,
    "roc_auc": 0.8164,
    "confusion_matrix": [
      [
        33,
        17
      ],
      [
        13,
        37
      ]
    ]
  },
  "preprocessing": {
    "missing_value_strategy": "mean",
    "scaling_method": "standard"
  },
  "hyperparameters": {},
  "test_size": 0.2,
  "n_features": 8,
  "feature_names": [
    "feature_1",
    "feature_2",
    "feature_3",
    "feature_4",
    "feature_5",
    "feature_6",
    "feature_7",
    "feature_8"
  ],
  "C": 1.0,
  "n_classes": 2,
  "classes": [
    0,
    1
  ],
  "feature_importance": {
    "feature_1": 0.016656326658391576,
    "feature_2": 0.5072352291030443,
    "feature_3": 0.24636644695587442,
    "feature_4": 0.3595614269433816,
    "feature_5": 0.0002990005098826738,
    "feature_6": 0.353695322696323,
    "feature_7": 0.14343170885979548,
    "feature_8": 0.05365036929124091
  },
  "model_format": "sklearn",
  "model_id": "model_40002_logistic_20251108_170310",
  "user_id": 40002,
  "created_at": "2025-11-08T17:03:10.329118Z"
}