{
  "model_type": "ridge",
  "task_type": "regression",
  "target_column": "target",
  "feature_columns": [
    "feature_1",
    "feature_2",
    "feature_3",
    "feature_4",
    "feature_5"
  ],
  "metrics": {
    "mse": 22.062206444875237,
    "rmse": 4.697042308184507,
    "mae": 3.9780862277227467,
    "r2": -0.1946416646109741,
    "explained_variance": -0.13194000240459514
  },
  "preprocessing": {
    "missing_value_strategy": "mean",
    "scaling_method": "standard"
  },
  "hyperparameters": {},
  "test_size": 0.2,
  "n_features": 5,
  "feature_names": [
    "feature_1",
    "feature_2",
    "feature_3",
    "feature_4",
    "feature_5"
  ],
  "alpha": 1.0,
  "coefficients": {
    "feature_1": -0.5167444133464469,
    "feature_2": 0.15055057156533277,
    "feature_3": 0.6906618389447772,
    "feature_4": -0.0698254471768253,
    "feature_5": 0.720780783504753
  },
  "intercept": 10.63064329146756,
  "feature_importance": {
    "feature_1": -0.5167444133464469,
    "feature_2": 0.15055057156533277,
    "feature_3": 0.6906618389447772,
    "feature_4": -0.0698254471768253,
    "feature_5": 0.720780783504753
  },
  "model_format": "sklearn",
  "model_id": "model_10001_ridge_20251108_170309",
  "user_id": 10001,
  "created_at": "2025-11-08T17:03:09.732482Z"
}