{
  "model_type": "gradient_boosting",
  "task_type": "classification",
  "target_column": "target",
  "feature_columns": [
    "feature_1",
    "feature_2",
    "feature_3",
    "feature_4",
    "feature_5",
    "feature_6",
    "feature_7",
    "feature_8"
  ],
  "metrics": {
    "accuracy": 0.875,
    "precision": 0.9354838709677419,
    "recall": 0.7837837837837838,
    "f1": 0.8529411764705881,
    "roc_auc": 0.9296040226272786,
    "confusion_matrix": [
      [
        41,
        2
      ],
      [
        8,
        29
      ]
    ]
  },
  "preprocessing": {
    "missing_value_strategy": "mean",
    "scaling_method": "standard"
  },
  "hyperparameters": {},
  "test_size": 0.2,
  "n_features": 8,
  "feature_names": [
    "feature_1",
    "feature_2",
    "feature_3",
    "feature_4",
    "feature_5",
    "feature_6",
    "feature_7",
    "feature_8"
  ],
  "n_estimators": 100,
  "max_depth": 3,
  "learning_rate": 0.1,
  "n_classes": 2,
  "classes": [
    0,
    1
  ],
  "feature_importance": {
    "feature_1": 0.035512932986415946,
    "feature_2": 0.2322624148859921,
    "feature_3": 0.13268432472359135,
    "feature_4": 0.2076551925427313,
    "feature_5": 0.12461708964510072,
    "feature_6": 0.04830499348399889,
    "feature_7": 0.17208886826486647,
    "feature_8": 0.046874183467303265
  },
  "model_format": "sklearn",
  "model_id": "model_20001_gradient_boosting_20251108_170310",
  "user_id": 20001,
  "created_at": "2025-11-08T17:03:10.142651Z"
}