{
  "model_type": "xgboost_binary_classification",
  "task_type": "classification",
  "target_column": "class2",
  "feature_columns": [
    "Attribute1",
    "Attribute2",
    "Attribute3",
    "Attribute4",
    "Attribute5",
    "Attribute6",
    "Attribute7",
    "Attribute8",
    "Attribute9",
    "Attribute10",
    "Attribute11",
    "Attribute12",
    "Attribute13",
    "Attribute14",
    "Attribute15",
    "Attribute16",
    "Attribute17",
    "Attribute18",
    "Attribute19",
    "Attribute20"
  ],
  "metrics": {
    "accuracy": 0.7375,
    "precision": 0.48936170212765956,
    "recall": 0.5609756097560976,
    "f1": 0.5227272727272727,
    "auc_roc": 0.770034843205575,
    "confusion_matrix": [
      [
        95,
        24
      ],
      [
        18,
        23
      ]
    ]
  },
  "preprocessing": {
    "missing_value_strategy": "mean",
    "scaling_method": "standard"
  },
  "hyperparameters": {
    "n_estimators": 100,
    "max_depth": 6,
    "learning_rate": 0.1,
    "subsample": 0.8,
    "colsample_bytree": 0.8,
    "min_child_weight": 1,
    "gamma": 0,
    "reg_alpha": 0,
    "reg_lambda": 1,
    "random_state": 42,
    "n_jobs": -1
  },
  "test_size": 0.2,
  "n_features": 20,
  "feature_names": [
    "Attribute1",
    "Attribute2",
    "Attribute3",
    "Attribute4",
    "Attribute5",
    "Attribute6",
    "Attribute7",
    "Attribute8",
    "Attribute9",
    "Attribute10",
    "Attribute11",
    "Attribute12",
    "Attribute13",
    "Attribute14",
    "Attribute15",
    "Attribute16",
    "Attribute17",
    "Attribute18",
    "Attribute19",
    "Attribute20"
  ],
  "framework": "xgboost",
  "n_estimators": 100,
  "max_depth": 6,
  "learning_rate": 0.1,
  "feature_importance": {
    "Attribute1": 0.13787823915481567,
    "Attribute3": 0.06259407103061676,
    "Attribute12": 0.05741749703884125,
    "Attribute10": 0.05534942075610161,
    "Attribute6": 0.05320024862885475,
    "Attribute2": 0.05109002813696861,
    "Attribute19": 0.05088091269135475,
    "Attribute5": 0.049139659851789474,
    "Attribute14": 0.045734576880931854,
    "Attribute8": 0.0452677421271801,
    "Attribute15": 0.04507042467594147,
    "Attribute4": 0.04397360235452652,
    "Attribute7": 0.04370187595486641,
    "Attribute13": 0.042717885226011276,
    "Attribute18": 0.03912153095006943,
    "Attribute11": 0.037784185260534286,
    "Attribute9": 0.03643928840756416,
    "Attribute20": 0.03642943874001503,
    "Attribute17": 0.03456803038716316,
    "Attribute16": 0.031641293317079544
  },
  "best_iteration": 99,
  "model_format": "sklearn",
  "model_id": "model_7715560927_xgboost_binary_classification_20251201_160020",
  "user_id": 7715560927,
  "created_at": "2025-12-01T16:00:20.206322Z"
}