{
  "model_type": "linear",
  "task_type": "regression",
  "target_column": "target",
  "feature_columns": [
    "feature_1",
    "feature_2",
    "feature_3",
    "feature_4",
    "feature_5"
  ],
  "metrics": {
    "mse": 21.988308265510405,
    "rmse": 4.68916925110519,
    "mae": 3.874088599876264,
    "r2": -0.04979406806563058,
    "explained_variance": -0.04505957674027594
  },
  "preprocessing": {
    "missing_value_strategy": "mean",
    "scaling_method": "standard"
  },
  "hyperparameters": {},
  "test_size": 0.2,
  "n_features": 5,
  "feature_names": [
    "feature_1",
    "feature_2",
    "feature_3",
    "feature_4",
    "feature_5"
  ],
  "coefficients": {
    "feature_1": -0.22411188579006353,
    "feature_2": -0.1070228363650377,
    "feature_3": 0.18683077430594472,
    "feature_4": 0.2534265894431464,
    "feature_5": 0.7112736129419501
  },
  "intercept": 10.534517036729715,
  "feature_importance": {
    "feature_1": -0.22411188579006353,
    "feature_2": -0.1070228363650377,
    "feature_3": 0.18683077430594472,
    "feature_4": 0.2534265894431464,
    "feature_5": 0.7112736129419501
  },
  "model_format": "sklearn",
  "model_id": "model_40001_linear_20251108_170310",
  "user_id": 40001,
  "created_at": "2025-11-08T17:03:10.288776Z"
}