{
  "model_type": "gradient_boosting",
  "task_type": "classification",
  "target_column": "target",
  "feature_columns": [
    "feature_1",
    "feature_2",
    "feature_3",
    "feature_4",
    "feature_5",
    "feature_6",
    "feature_7",
    "feature_8"
  ],
  "metrics": {
    "accuracy": 0.84,
    "precision": 0.8148148148148148,
    "recall": 0.88,
    "f1": 0.8461538461538461,
    "roc_auc": 0.926,
    "confusion_matrix": [
      [
        40,
        10
      ],
      [
        6,
        44
      ]
    ]
  },
  "preprocessing": {
    "missing_value_strategy": "mean",
    "scaling_method": "standard"
  },
  "hyperparameters": {},
  "test_size": 0.2,
  "n_features": 8,
  "feature_names": [
    "feature_1",
    "feature_2",
    "feature_3",
    "feature_4",
    "feature_5",
    "feature_6",
    "feature_7",
    "feature_8"
  ],
  "n_estimators": 100,
  "max_depth": 3,
  "learning_rate": 0.1,
  "n_classes": 2,
  "classes": [
    0,
    1
  ],
  "feature_importance": {
    "feature_1": 0.028900054615165063,
    "feature_2": 0.22604061935466538,
    "feature_3": 0.12199362092690096,
    "feature_4": 0.14022204650952913,
    "feature_5": 0.15383431973464703,
    "feature_6": 0.1010026921029327,
    "feature_7": 0.19656760459428158,
    "feature_8": 0.031439042161878185
  },
  "model_format": "sklearn",
  "model_id": "model_40002_gradient_boosting_20251108_170310",
  "user_id": 40002,
  "created_at": "2025-11-08T17:03:10.505828Z"
}