{
  "model_type": "logistic",
  "task_type": "classification",
  "target_column": "target",
  "feature_columns": [
    "feature_1",
    "feature_2",
    "feature_3",
    "feature_4",
    "feature_5",
    "feature_6",
    "feature_7",
    "feature_8"
  ],
  "metrics": {
    "accuracy": 0.675,
    "precision": 0.6486486486486487,
    "recall": 0.6486486486486487,
    "f1": 0.6486486486486487,
    "roc_auc": 0.7737272155876807,
    "confusion_matrix": [
      [
        30,
        13
      ],
      [
        13,
        24
      ]
    ]
  },
  "preprocessing": {
    "missing_value_strategy": "mean",
    "scaling_method": "standard"
  },
  "hyperparameters": {},
  "test_size": 0.2,
  "n_features": 8,
  "feature_names": [
    "feature_1",
    "feature_2",
    "feature_3",
    "feature_4",
    "feature_5",
    "feature_6",
    "feature_7",
    "feature_8"
  ],
  "C": 1.0,
  "n_classes": 2,
  "classes": [
    0,
    1
  ],
  "feature_importance": {
    "feature_1": 0.12701395637255963,
    "feature_2": 0.47290126322880904,
    "feature_3": 0.19740962965727996,
    "feature_4": 0.3678212635268262,
    "feature_5": 0.005246045483615373,
    "feature_6": 0.36982688670824937,
    "feature_7": 0.1311247719433863,
    "feature_8": 0.06730842339257304
  },
  "model_format": "sklearn",
  "model_id": "model_20001_logistic_20251108_170309",
  "user_id": 20001,
  "created_at": "2025-11-08T17:03:09.834507Z"
}