{
  "model_type": "xgboost_binary_classification",
  "task_type": "classification",
  "target_column": "class2",
  "feature_columns": [
    "Attribute1",
    "Attribute2",
    "Attribute3",
    "Attribute4",
    "Attribute5",
    "Attribute6",
    "Attribute7",
    "Attribute8",
    "Attribute9",
    "Attribute10",
    "Attribute11",
    "Attribute12",
    "Attribute13",
    "Attribute14",
    "Attribute15",
    "Attribute16",
    "Attribute17",
    "Attribute18",
    "Attribute19",
    "Attribute20"
  ],
  "metrics": {
    "accuracy": 0.75,
    "precision": 0.5128205128205128,
    "recall": 0.4878048780487805,
    "f1": 0.5,
    "auc_roc": 0.7757737241237959,
    "confusion_matrix": [
      [
        100,
        19
      ],
      [
        21,
        20
      ]
    ]
  },
  "preprocessing": {
    "missing_value_strategy": "mean",
    "scaling_method": "standard"
  },
  "hyperparameters": {
    "n_estimators": 100,
    "max_depth": 6,
    "learning_rate": 0.1,
    "subsample": 0.8,
    "colsample_bytree": 0.8,
    "min_child_weight": 1,
    "gamma": 0,
    "reg_alpha": 0,
    "reg_lambda": 1,
    "random_state": 42,
    "n_jobs": -1
  },
  "test_size": 0.2,
  "n_features": 20,
  "feature_names": [
    "Attribute1",
    "Attribute2",
    "Attribute3",
    "Attribute4",
    "Attribute5",
    "Attribute6",
    "Attribute7",
    "Attribute8",
    "Attribute9",
    "Attribute10",
    "Attribute11",
    "Attribute12",
    "Attribute13",
    "Attribute14",
    "Attribute15",
    "Attribute16",
    "Attribute17",
    "Attribute18",
    "Attribute19",
    "Attribute20"
  ],
  "framework": "xgboost",
  "n_estimators": 100,
  "max_depth": 6,
  "learning_rate": 0.1,
  "feature_importance": {
    "Attribute1": 0.12451668083667755,
    "Attribute12": 0.06990957260131836,
    "Attribute3": 0.0693398118019104,
    "Attribute10": 0.05567381903529167,
    "Attribute6": 0.05192803218960762,
    "Attribute14": 0.05141976848244667,
    "Attribute8": 0.049344465136528015,
    "Attribute15": 0.0489996001124382,
    "Attribute5": 0.047091659158468246,
    "Attribute2": 0.0459723137319088,
    "Attribute4": 0.0448644757270813,
    "Attribute19": 0.04470700025558472,
    "Attribute9": 0.044325247406959534,
    "Attribute7": 0.04330872371792793,
    "Attribute13": 0.04320584237575531,
    "Attribute16": 0.04127010330557823,
    "Attribute11": 0.033843137323856354,
    "Attribute18": 0.03367362916469574,
    "Attribute17": 0.03210189566016197,
    "Attribute20": 0.024504240602254868
  },
  "model_format": "sklearn",
  "model_id": "model_7715560927_xgboost_binary_classification_20251130_153645",
  "user_id": 7715560927,
  "created_at": "2025-11-30T15:36:45.502834Z",
  "custom_name": "xgboost_german_data",
  "display_name": "xgboost_german_data"
}