{
  "model_type": "decision_tree",
  "task_type": "classification",
  "target_column": "target",
  "feature_columns": [
    "feature_1",
    "feature_2",
    "feature_3",
    "feature_4",
    "feature_5",
    "feature_6",
    "feature_7",
    "feature_8"
  ],
  "metrics": {
    "accuracy": 0.79,
    "precision": 0.7843137254901961,
    "recall": 0.8,
    "f1": 0.792079207920792,
    "roc_auc": 0.79,
    "confusion_matrix": [
      [
        39,
        11
      ],
      [
        10,
        40
      ]
    ]
  },
  "preprocessing": {
    "missing_value_strategy": "mean",
    "scaling_method": "standard"
  },
  "hyperparameters": {},
  "test_size": 0.2,
  "n_features": 8,
  "feature_names": [
    "feature_1",
    "feature_2",
    "feature_3",
    "feature_4",
    "feature_5",
    "feature_6",
    "feature_7",
    "feature_8"
  ],
  "n_classes": 2,
  "classes": [
    0,
    1
  ],
  "feature_importance": {
    "feature_1": 0.048019946984919,
    "feature_2": 0.2094336755480774,
    "feature_3": 0.10311148887334905,
    "feature_4": 0.14498535616253633,
    "feature_5": 0.13015554711765714,
    "feature_6": 0.0906814755607796,
    "feature_7": 0.21891512198991278,
    "feature_8": 0.05469738776276864
  },
  "model_format": "sklearn",
  "model_id": "model_40002_decision_tree_20251108_170310",
  "user_id": 40002,
  "created_at": "2025-11-08T17:03:10.340488Z"
}