{
  "model_type": "catboost_binary_classification",
  "task_type": "CPU",
  "target_column": "class2",
  "feature_columns": [
    "Attribute1",
    "Attribute2",
    "Attribute3",
    "Attribute4",
    "Attribute5",
    "Attribute6",
    "Attribute7",
    "Attribute8",
    "Attribute9",
    "Attribute10",
    "Attribute11",
    "Attribute12",
    "Attribute13",
    "Attribute14",
    "Attribute15",
    "Attribute16",
    "Attribute17",
    "Attribute18",
    "Attribute19",
    "Attribute20"
  ],
  "metrics": {
    "accuracy": 0.7625,
    "precision": 0.5405405405405406,
    "recall": 0.4878048780487805,
    "f1": 0.5128205128205128,
    "auc_roc": 0.7560975609756098,
    "confusion_matrix": [
      [
        102,
        17
      ],
      [
        21,
        20
      ]
    ]
  },
  "preprocessing": {
    "missing_value_strategy": "mean",
    "scaling_method": "standard"
  },
  "hyperparameters": {},
  "test_size": 0.2,
  "n_features": 20,
  "feature_names": [
    "Attribute1",
    "Attribute2",
    "Attribute3",
    "Attribute4",
    "Attribute5",
    "Attribute6",
    "Attribute7",
    "Attribute8",
    "Attribute9",
    "Attribute10",
    "Attribute11",
    "Attribute12",
    "Attribute13",
    "Attribute14",
    "Attribute15",
    "Attribute16",
    "Attribute17",
    "Attribute18",
    "Attribute19",
    "Attribute20"
  ],
  "framework": "catboost",
  "iterations": 1000,
  "depth": 6,
  "learning_rate": 0.03,
  "l2_leaf_reg": 3,
  "feature_importance": {
    "Attribute5": 13.138425873567313,
    "Attribute1": 11.097622655834282,
    "Attribute2": 10.301447159773081,
    "Attribute13": 9.424175490980625,
    "Attribute4": 8.435113850668962,
    "Attribute7": 6.084702865787878,
    "Attribute3": 5.281423114296179,
    "Attribute6": 4.889561840955348,
    "Attribute12": 4.864068404689669,
    "Attribute8": 4.375200564368512,
    "Attribute11": 3.93111750815035,
    "Attribute9": 3.556555394978992,
    "Attribute19": 2.9713616112235646,
    "Attribute14": 2.390309485615932,
    "Attribute15": 2.3358692259786404,
    "Attribute17": 2.2980737333985672,
    "Attribute10": 1.9429021878985522,
    "Attribute16": 1.4250834631273261,
    "Attribute18": 0.9532275710810697,
    "Attribute20": 0.30375799762515765
  },
  "model_format": "sklearn",
  "model_id": "model_7715560927_catboost_binary_classification_20251129_171533",
  "user_id": 7715560927,
  "created_at": "2025-11-29T17:15:33.546334Z",
  "custom_name": "Catboost Binary Classification - Nov 29 2025",
  "display_name": "Catboost Binary Classification - Nov 29 2025"
}